Athlete_Comp_ID,Score_Metric,Finish_Rank,Gender,Judge_1_Score,Judge_2_Score,Judge_3_Score,Judge_4_Score,Judge_5_Score,Judge_6_Score_1,Judge_7_Score_1,Round_Group,Season,Season_Comp,Round,Wind,Athlete_name
MARKLE Searik - CAN - Canada Cup 3 - 2018 - Final 1,74.92,1,Women,18.0,17.4,16.6,17.0,16.9,7.7,7.6,Finals,2018,2018-Canada Cup 3,Final 1,0.0,MARKLE Searik - CAN
SCHWINGHAMER Mackenzie - CAN - Canada Cup 3 - 2018 - Final 1,73.98,2,Women,16.6,17.1,16.5,16.6,17.2,7.9,8.0,Finals,2018,2018-Canada Cup 3,Final 1,0.0,SCHWINGHAMER Mackenzie - CAN
SCHWINGHAMMER Maia - CAN - Canada Cup 3 - 2018 - Final 1,73.92,3,Women,16.3,16.9,16.1,16.5,16.8,7.7,7.2,Finals,2018,2018-Canada Cup 3,Final 1,0.0,SCHWINGHAMMER Maia - CAN
TODD Kassidy - CAN - Canada Cup 3 - 2018 - Final 1,65.34,4,Women,15.0,15.8,15.5,15.8,16.2,7.3,7.6,Finals,2018,2018-Canada Cup 3,Final 1,0.0,TODD Kassidy - CAN
VAILLANCOURT Sandrine - CAN - Canada Cup 3 - 2018 - Final 1,64.37,5,Women,15.2,16.1,15.5,16.0,15.4,7.4,7.6,Finals,2018,2018-Canada Cup 3,Final 1,0.0,VAILLANCOURT Sandrine - CAN
KOBER Chloe - CAN - Canada Cup 3 - 2018 - Final 1,63.38,6,Women,15.0,15.6,15.3,15.0,15.3,6.6,6.3,Finals,2018,2018-Canada Cup 3,Final 1,0.0,KOBER Chloe - CAN
MILLETTE Ode - CAN - Canada Cup 3 - 2018 - Final 1,61.64,7,Women,15.1,15.1,15.2,15.1,15.9,6.4,6.5,Finals,2018,2018-Canada Cup 3,Final 1,0.0,MILLETTE Ode - CAN
LINTON Jessica - CAN - Canada Cup 3 - 2018 - Final 1,61.61,8,Women,14.3,14.7,15.7,14.4,14.5,6.3,6.2,Finals,2018,2018-Canada Cup 3,Final 1,0.0,LINTON Jessica - CAN
CHICK Alexa - CAN - Canada Cup 3 - 2018 - Final 1,59.42,9,Women,14.9,14.5,15.4,14.1,15.2,6.6,6.3,Finals,2018,2018-Canada Cup 3,Final 1,0.0,CHICK Alexa - CAN
PARKER Madison - CAN - Canada Cup 3 - 2018 - Final 1,59.11,10,Women,14.6,14.8,15.2,14.2,14.9,7.0,7.2,Finals,2018,2018-Canada Cup 3,Final 1,0.0,PARKER Madison - CAN
MIKKELSEN Maya - CAN - Canada Cup 3 - 2018 - Final 1,55.48,11,Women,14.9,15.9,15.9,15.8,15.9,5.0,5.2,Finals,2018,2018-Canada Cup 3,Final 1,0.0,MIKKELSEN Maya - CAN
DESAUTELS Mia - CAN - Canada Cup 3 - 2018 - Qualification 2,50.42999999999999,12,Women,14.1,14.6,15.9,15.1,15.5,6.2,6.3,Qualification,2018,2018-Canada Cup 3,Qualification 2,0.0,DESAUTELS Mia - CAN
RYKUITER Jamie - CAN - Canada Cup 3 - 2018 - Qualification 2,49.669999999999995,13,Women,13.6,13.9,15.2,15.6,14.0,6.3,5.4,Qualification,2018,2018-Canada Cup 3,Qualification 2,0.0,RYKUITER Jamie - CAN
BUTTERWORTH Cassidy - CAN - Canada Cup 3 - 2018 - Qualification 2,48.99999999999999,14,Women,13.3,14.2,16.1,15.7,15.0,6.1,6.4,Qualification,2018,2018-Canada Cup 3,Qualification 2,0.0,BUTTERWORTH Cassidy - CAN
MACDONALD Jordan - CAN - Canada Cup 3 - 2018 - Qualification 2,43.16,15,Women,11.8,11.7,12.2,12.1,12.2,5.5,5.2,Qualification,2018,2018-Canada Cup 3,Qualification 2,0.0,MACDONALD Jordan - CAN
PERNITSKY Lillian - CAN - Canada Cup 3 - 2018 - Qualification 2,41.709999999999994,16,Women,14.0,12.3,13.0,12.3,15.0,0.0,0.0,Qualification,2018,2018-Canada Cup 3,Qualification 2,0.0,PERNITSKY Lillian - CAN
GHERT Talya - CAN - Canada Cup 3 - 2018 - Qualification 2,37.17999999999999,17,Women,11.4,12.0,12.0,11.9,12.8,7.0,7.2,Qualification,2018,2018-Canada Cup 3,Qualification 2,0.0,GHERT Talya - CAN
HURRY Kiera - CAN - Canada Cup 3 - 2018 - Qualification 2,36.699999999999996,18,Women,11.3,12.1,12.3,12.0,11.0,6.0,6.2,Qualification,2018,2018-Canada Cup 3,Qualification 2,0.0,HURRY Kiera - CAN
STODDART Clare - CAN - Canada Cup 3 - 2018 - Qualification 2,32.559999999999995,19,Women,12.0,10.4,10.8,10.7,12.2,4.6,4.1,Qualification,2018,2018-Canada Cup 3,Qualification 2,0.0,STODDART Clare - CAN
DELSAME Florence - CAN - Canada Cup 3 - 2018 - Qualification 2,32.199999999999996,20,Women,17.5,17.4,17.3,17.0,17.2,2.0,2.0,Qualification,2018,2018-Canada Cup 3,Qualification 2,0.0,DELSAME Florence - CAN
VAILLANCOURT Sandrine - CAN - Canada Cup 1 - 2018 - Qualification 2,73.79,1,Women,17.4,16.7,17.0,17.0,16.8,8.1,7.7,Qualification,2018,2018-Canada Cup 1,Qualification 2,0.0,VAILLANCOURT Sandrine - CAN
DELSAME Florence - CAN - Canada Cup 1 - 2018 - Qualification 2,73.41,2,Women,16.8,16.9,17.2,18.4,17.4,7.2,6.9,Qualification,2018,2018-Canada Cup 1,Qualification 2,0.0,DELSAME Florence - CAN
BERGEVIN Mikela - CAN - Canada Cup 1 - 2018 - Qualification 2,72.14,3,Women,17.0,15.9,16.6,16.3,16.5,7.7,7.9,Qualification,2018,2018-Canada Cup 1,Qualification 2,0.0,BERGEVIN Mikela - CAN
KOEHLER Ashley - CAN - Canada Cup 1 - 2018 - Qualification 2,71.18,4,Women,15.8,16.7,17.0,16.6,16.3,8.2,8.0,Qualification,2018,2018-Canada Cup 1,Qualification 2,0.0,KOEHLER Ashley - CAN
PARKER Madison - CAN - Canada Cup 1 - 2018 - Qualification 2,69.44,5,Women,15.8,16.2,15.4,16.1,14.8,7.4,7.7,Qualification,2018,2018-Canada Cup 1,Qualification 2,0.0,PARKER Madison - CAN
SCHWINGHAMER Mackenzie - CAN - Canada Cup 1 - 2018 - Qualification 2,68.92,6,Women,16.6,15.9,15.0,17.0,16.2,8.0,7.3,Qualification,2018,2018-Canada Cup 1,Qualification 2,0.0,SCHWINGHAMER Mackenzie - CAN
BRUNELLE Catherine - CAN - Canada Cup 1 - 2018 - Qualification 2,67.57,7,Women,15.8,16.0,16.4,15.7,16.4,7.1,6.2,Qualification,2018,2018-Canada Cup 1,Qualification 2,0.0,BRUNELLE Catherine - CAN
DESAUTELS Mia - CAN - Canada Cup 1 - 2018 - Qualification 2,65.91,8,Women,14.8,15.6,15.3,15.5,15.8,7.9,8.1,Qualification,2018,2018-Canada Cup 1,Qualification 2,0.0,DESAUTELS Mia - CAN
FORGET Emilie - CAN - Canada Cup 1 - 2018 - Qualification 2,61.72,9,Women,13.6,14.8,14.8,14.7,13.0,8.1,7.8,Qualification,2018,2018-Canada Cup 1,Qualification 2,0.0,FORGET Emilie - CAN
GODBOUT Rowanne - CAN - Canada Cup 1 - 2018 - Qualification 2,60.44,10,Women,15.2,15.5,15.0,15.3,15.0,6.1,6.0,Qualification,2018,2018-Canada Cup 1,Qualification 2,0.0,GODBOUT Rowanne - CAN
KOEHLER Kaylee - CAN - Canada Cup 1 - 2018 - Qualification 2,60.26,11,Women,16.2,16.0,14.6,14.5,15.4,6.4,6.5,Qualification,2018,2018-Canada Cup 1,Qualification 2,0.0,KOEHLER Kaylee - CAN
WOLFE Marie  Elizabeth - CAN - Canada Cup 1 - 2018 - Qualification 2,56.21,12,Women,13.9,14.0,13.6,11.3,13.2,8.0,7.8,Qualification,2018,2018-Canada Cup 1,Qualification 2,0.0,WOLFE Marie  Elizabeth - CAN
MILLETTE Ode - CAN - Canada Cup 1 - 2018 - Qualification 2,54.59,13,Women,15.7,15.9,16.0,14.9,15.8,7.0,6.3,Qualification,2018,2018-Canada Cup 1,Qualification 2,0.0,MILLETTE Ode - CAN
LABELLE Cassandre - CAN - Canada Cup 1 - 2018 - Qualification 2,51.44,14,Women,12.8,13.0,14.8,14.6,14.0,7.4,7.5,Qualification,2018,2018-Canada Cup 1,Qualification 2,0.0,LABELLE Cassandre - CAN
BOULIANNE Annarose - CAN - Canada Cup 1 - 2018 - Qualification 2,51.22,15,Women,12.3,12.3,12.5,12.0,12.0,6.3,6.0,Qualification,2018,2018-Canada Cup 1,Qualification 2,0.0,BOULIANNE Annarose - CAN
VIAU Emmanuelle - CAN - Canada Cup 1 - 2018 - Qualification 2,43.43,16,Women,12.2,11.6,12.0,11.0,11.4,5.3,6.2,Qualification,2018,2018-Canada Cup 1,Qualification 2,0.0,VIAU Emmanuelle - CAN
HURRY Kiera - CAN - Canada Cup 1 - 2018 - Qualification 2,33.82,17,Women,11.5,11.9,10.8,11.6,11.5,8.2,7.9,Qualification,2018,2018-Canada Cup 1,Qualification 2,0.0,HURRY Kiera - CAN
CHICK Alexa - CAN - Canada Cup 1 - 2018 - Qualification 2,28.22,18,Women,15.2,15.9,14.8,16.3,15.2,1.0,2.0,Qualification,2018,2018-Canada Cup 1,Qualification 2,0.0,CHICK Alexa - CAN
GHERT Talya - CAN - Canada Cup 1 - 2018 - Qualification 2,27.38,19,Women,11.2,10.3,10.2,10.0,10.8,3.0,2.7,Qualification,2018,2018-Canada Cup 1,Qualification 2,0.0,GHERT Talya - CAN
NEISH Jory - CAN - Canada Cup 1 - 2018 - Qualification 2,24.15,20,Women,10.0,11.5,10.8,11.3,10.4,6.0,5.9,Qualification,2018,2018-Canada Cup 1,Qualification 2,0.0,NEISH Jory - CAN
ROBICHAUD Audrey - CAN - Canadian Championships - 2018 - Final 1,80.32,1,Women,16.6,16.6,16.9,17.3,17.3,9.2,9.0,Finals,2018,2018-Canadian Championships,Final 1,0.0,ROBICHAUD Audrey - CAN
BROWN Berkley - CAN - Canadian Championships - 2018 - Final 1,78.69,2,Women,16.5,16.0,15.8,17.5,16.5,9.1,8.2,Finals,2018,2018-Canadian Championships,Final 1,0.0,BROWN Berkley - CAN
GILBERT Valerie - CAN - Canadian Championships - 2018 - Final 1,76.43,3,Women,16.4,16.4,16.5,16.8,16.4,8.3,8.7,Finals,2018,2018-Canadian Championships,Final 1,0.0,GILBERT Valerie - CAN
GAGNON Alex Anne - CAN - Canadian Championships - 2018 - Final 1,75.0,4,Women,16.3,16.5,16.4,16.5,16.7,6.9,7.1,Finals,2018,2018-Canadian Championships,Final 1,0.0,GAGNON Alex Anne - CAN
SCHWINGHAMMER Maia - CAN - Canadian Championships - 2018 - Final 1,72.96,5,Women,15.9,16.2,16.2,16.2,16.6,6.5,7.0,Finals,2018,2018-Canadian Championships,Final 1,0.0,SCHWINGHAMMER Maia - CAN
GAGNON Sofiane - CAN - Canadian Championships - 2018 - Final 1,72.45,6,Women,16.4,16.2,16.1,16.3,16.3,7.1,7.0,Finals,2018,2018-Canadian Championships,Final 1,0.0,GAGNON Sofiane - CAN
DESMARAIS GILBERT Laurianne - CAN - Canadian Championships - 2018 - Final 1,71.42,7,Women,16.1,15.7,15.6,16.0,15.9,8.5,7.7,Finals,2018,2018-Canadian Championships,Final 1,0.0,DESMARAIS GILBERT Laurianne - CAN
MARKLE Searik - CAN - Canadian Championships - 2018 - Final 1,68.01,8,Women,16.0,15.8,15.5,15.9,15.0,7.2,6.3,Finals,2018,2018-Canadian Championships,Final 1,0.0,MARKLE Searik - CAN
VAILLANCOURT Sandrine - CAN - Canadian Championships - 2018 - Final 1,67.81,9,Women,15.9,15.6,15.3,15.8,15.8,7.1,6.8,Finals,2018,2018-Canadian Championships,Final 1,0.0,VAILLANCOURT Sandrine - CAN
TODD Kassidy - CAN - Canadian Championships - 2018 - Qualification 1,67.68,10,Women,14.0,15.4,14.7,15.2,15.3,4.2,4.4,Qualification,2018,2018-Canadian Championships,Qualification 1,0.0,TODD Kassidy - CAN
LINTON Jessica - CAN - Canadian Championships - 2018 - Qualification 1,67.21000000000001,11,Women,14.0,15.3,15.3,15.2,15.0,5.3,5.9,Qualification,2018,2018-Canadian Championships,Qualification 1,0.0,LINTON Jessica - CAN
MIKKELSEN Maya - CAN - Canadian Championships - 2018 - Qualification 1,65.72,12,Women,14.8,14.8,14.7,14.8,14.6,6.0,6.5,Qualification,2018,2018-Canadian Championships,Qualification 1,0.0,MIKKELSEN Maya - CAN
PARKER Madison - CAN - Canadian Championships - 2018 - Qualification 1,65.66,13,Women,14.6,15.0,14.5,14.5,14.7,6.2,5.5,Qualification,2018,2018-Canadian Championships,Qualification 1,0.0,PARKER Madison - CAN
KOBER Chloe - CAN - Canadian Championships - 2018 - Qualification 1,65.47999999999999,14,Women,15.1,15.6,15.3,15.2,15.0,5.1,4.9,Qualification,2018,2018-Canadian Championships,Qualification 1,0.0,KOBER Chloe - CAN
BERGEVIN Mikela - CAN - Canadian Championships - 2018 - Qualification 1,65.25,15,Women,14.0,15.4,14.3,15.0,15.5,5.8,5.6,Qualification,2018,2018-Canadian Championships,Qualification 1,0.0,BERGEVIN Mikela - CAN
DESAUTELS Mia - CAN - Canadian Championships - 2018 - Qualification 1,65.02,16,Women,14.2,15.6,14.6,15.6,14.9,5.9,6.9,Qualification,2018,2018-Canadian Championships,Qualification 1,0.0,DESAUTELS Mia - CAN
LABELLE Cassandre - CAN - Canadian Championships - 2018 - Qualification 1,64.72,17,Women,14.5,14.5,14.8,14.8,14.7,5.9,5.7,Qualification,2018,2018-Canadian Championships,Qualification 1,0.0,LABELLE Cassandre - CAN
DELSAME Florence - CAN - Canadian Championships - 2018 - Qualification 1,63.68,18,Women,15.2,15.3,14.7,14.9,15.3,2.0,2.2,Qualification,2018,2018-Canadian Championships,Qualification 1,0.0,DELSAME Florence - CAN
BRUNELLE Catherine - CAN - Canadian Championships - 2018 - Qualification 1,62.5,19,Women,15.5,15.5,14.9,15.3,14.6,5.1,5.1,Qualification,2018,2018-Canadian Championships,Qualification 1,0.0,BRUNELLE Catherine - CAN
CHICK Alexa - CAN - Canadian Championships - 2018 - Qualification 1,57.879999999999995,20,Women,14.9,15.0,13.9,14.7,15.2,4.0,3.9,Qualification,2018,2018-Canadian Championships,Qualification 1,0.0,CHICK Alexa - CAN
GAGNON Sofiane - CAN - Canadian Selections 2 - 2018 - Qualification 2,75.36,1,Women,18.0,18.1,17.0,16.0,16.9,7.1,7.4,Qualification,2018,2018-Canadian Selections 2,Qualification 2,0.0,GAGNON Sofiane - CAN
KAJIWARA Yuki - JPN - Canadian Selections 2 - 2018 - Qualification 2,72.71,2,Women,16.7,16.9,16.6,14.2,16.8,8.2,7.9,Qualification,2018,2018-Canadian Selections 2,Qualification 2,0.0,KAJIWARA Yuki - JPN
BROWN Berkley - CAN - Canadian Selections 2 - 2018 - Qualification 2,72.11,3,Women,16.9,17.3,16.4,16.8,17.0,8.4,7.8,Qualification,2018,2018-Canadian Selections 2,Qualification 2,0.0,BROWN Berkley - CAN
NISHITA Reika - JPN - Canadian Selections 2 - 2018 - Qualification 2,70.57,4,Women,16.7,16.5,13.8,16.0,15.5,6.3,7.1,Qualification,2018,2018-Canadian Selections 2,Qualification 2,0.0,NISHITA Reika - JPN
SCHWINGHAMER Mackenzie - CAN - Canadian Selections 2 - 2018 - Qualification 2,70.45,5,Women,16.4,16.2,16.0,15.4,16.2,7.0,7.9,Qualification,2018,2018-Canadian Selections 2,Qualification 2,0.0,SCHWINGHAMER Mackenzie - CAN
TANIGUCHI Ayaho - JPN - Canadian Selections 2 - 2018 - Qualification 2,68.77,6,Women,16.3,16.6,16.3,16.8,15.5,8.3,7.9,Qualification,2018,2018-Canadian Selections 2,Qualification 2,0.0,TANIGUCHI Ayaho - JPN
IHARA Haruka - JPN - Canadian Selections 2 - 2018 - Qualification 2,67.91,7,Women,15.3,15.7,15.4,14.2,15.8,6.4,6.4,Qualification,2018,2018-Canadian Selections 2,Qualification 2,0.0,IHARA Haruka - JPN
MARKLE Searik - CAN - Canadian Selections 2 - 2018 - Qualification 2,67.14,8,Women,16.3,16.1,15.9,14.6,15.9,7.4,6.6,Qualification,2018,2018-Canadian Selections 2,Qualification 2,0.0,MARKLE Searik - CAN
DESMARAIS GILBERT Laurianne - CAN - Canadian Selections 2 - 2018 - Qualification 2,64.83,9,Women,13.6,15.9,16.3,15.8,15.0,6.8,7.9,Qualification,2018,2018-Canadian Selections 2,Qualification 2,0.0,DESMARAIS GILBERT Laurianne - CAN
KAWATA Yuka - JPN - Canadian Selections 2 - 2018 - Qualification 2,62.05,10,Women,12.6,14.5,14.4,16.4,15.5,7.0,7.5,Qualification,2018,2018-Canadian Selections 2,Qualification 2,0.0,KAWATA Yuka - JPN
TODD Kassidy - CAN - Canadian Selections 2 - 2018 - Qualification 2,61.77,11,Women,15.1,14.3,14.6,14.2,14.4,7.7,7.4,Qualification,2018,2018-Canadian Selections 2,Qualification 2,0.0,TODD Kassidy - CAN
BERGEVIN Mikela - CAN - Canadian Selections 2 - 2018 - Qualification 2,61.01,12,Women,15.6,14.4,14.0,14.1,13.6,7.2,7.3,Qualification,2018,2018-Canadian Selections 2,Qualification 2,0.0,BERGEVIN Mikela - CAN
VAILLANCOURT Sandrine - CAN - Canadian Selections 2 - 2018 - Qualification 2,60.09,13,Women,15.1,15.2,15.8,13.8,14.9,6.0,5.6,Qualification,2018,2018-Canadian Selections 2,Qualification 2,0.0,VAILLANCOURT Sandrine - CAN
FUKUSHIMA Shunka - JPN - Canadian Selections 2 - 2018 - Qualification 2,60.04,14,Women,15.6,14.7,14.7,16.0,15.0,7.2,7.4,Qualification,2018,2018-Canadian Selections 2,Qualification 2,0.0,FUKUSHIMA Shunka - JPN
OTSUKA Sachi - JPN - Canadian Selections 2 - 2018 - Qualification 2,58.25,15,Women,14.1,15.5,14.8,14.0,14.0,6.2,6.1,Qualification,2018,2018-Canadian Selections 2,Qualification 2,0.0,OTSUKA Sachi - JPN
SCHWINGHAMMER Maia - CAN - Canadian Selections 2 - 2018 - Qualification 2,58.17,16,Women,14.1,14.9,14.7,14.5,15.0,7.1,7.3,Qualification,2018,2018-Canadian Selections 2,Qualification 2,0.0,SCHWINGHAMMER Maia - CAN
DELSAME Florence - CAN - Canadian Selections 2 - 2018 - Qualification 2,58.01,17,Women,13.9,15.0,15.9,14.0,14.8,6.1,6.9,Qualification,2018,2018-Canadian Selections 2,Qualification 2,0.0,DELSAME Florence - CAN
BRUNELLE Catherine - CAN - Canadian Selections 2 - 2018 - Qualification 2,56.56,18,Women,14.6,14.3,14.4,14.0,14.6,6.8,7.2,Qualification,2018,2018-Canadian Selections 2,Qualification 2,0.0,BRUNELLE Catherine - CAN
LINTON Jessica - CAN - Canadian Selections 2 - 2018 - Qualification 2,56.15,19,Women,14.9,14.8,15.8,14.6,15.5,7.2,7.0,Qualification,2018,2018-Canadian Selections 2,Qualification 2,0.0,LINTON Jessica - CAN
PARKER Madison - CAN - Canadian Selections 2 - 2018 - Qualification 2,55.97,20,Women,13.6,14.1,14.6,14.5,13.2,6.1,6.7,Qualification,2018,2018-Canadian Selections 2,Qualification 2,0.0,PARKER Madison - CAN
SCHWINGHAMER Mackenzie - CAN - Canada Cup 2 - 2018 - Final 1,81.09,1,Women,18.6,18.5,18.2,18.6,17.6,7.8,7.9,Finals,2018,2018-Canada Cup 2,Final 1,0.0,SCHWINGHAMER Mackenzie - CAN
DESMARAIS GILBERT Laurianne - CAN - Canada Cup 2 - 2018 - Final 1,74.33,2,Women,17.4,18.1,16.8,18.0,17.6,7.8,7.5,Finals,2018,2018-Canada Cup 2,Final 1,0.0,DESMARAIS GILBERT Laurianne - CAN
DELSAME Florence - CAN - Canada Cup 2 - 2018 - Final 1,74.18,3,Women,17.2,17.0,17.2,18.0,17.2,6.0,6.8,Finals,2018,2018-Canada Cup 2,Final 1,0.0,DELSAME Florence - CAN
VAILLANCOURT Sandrine - CAN - Canada Cup 2 - 2018 - Final 1,73.25,4,Women,16.8,16.0,17.6,18.2,17.0,7.4,7.1,Finals,2018,2018-Canada Cup 2,Final 1,0.0,VAILLANCOURT Sandrine - CAN
FORGET Emilie - CAN - Canada Cup 2 - 2018 - Final 1,69.98,5,Women,15.8,15.8,16.3,16.9,16.5,6.8,6.6,Finals,2018,2018-Canada Cup 2,Final 1,0.0,FORGET Emilie - CAN
DESAUTELS Mia - CAN - Canada Cup 2 - 2018 - Final 1,69.58,6,Women,15.8,16.3,16.0,16.0,16.8,7.7,7.6,Finals,2018,2018-Canada Cup 2,Final 1,0.0,DESAUTELS Mia - CAN
PARKER Madison - CAN - Canada Cup 2 - 2018 - Final 1,69.15,7,Women,16.5,15.6,16.1,16.9,15.8,7.2,7.3,Finals,2018,2018-Canada Cup 2,Final 1,0.0,PARKER Madison - CAN
KOEHLER Ashley - CAN - Canada Cup 2 - 2018 - Final 1,66.78,8,Women,17.6,18.1,17.8,17.2,18.0,7.9,7.5,Finals,2018,2018-Canada Cup 2,Final 1,0.0,KOEHLER Ashley - CAN
KOEHLER Kaylee - CAN - Canada Cup 2 - 2018 - Final 1,25.4,9,Women,16.8,16.2,15.5,15.1,16.0,6.8,6.1,Finals,2018,2018-Canada Cup 2,Final 1,0.0,KOEHLER Kaylee - CAN
GODBOUT Rowanne - CAN - Canada Cup 2 - 2018 - Qualification 1,23.54,10,Women,15.5,15.1,15.0,15.9,15.5,6.4,5.9,Qualification,2018,2018-Canada Cup 2,Qualification 1,0.0,GODBOUT Rowanne - CAN
CHICK Alexa - CAN - Canada Cup 2 - 2018 - Qualification 1,18.769999999999996,11,Women,16.5,16.8,15.6,14.8,14.8,5.6,6.1,Qualification,2018,2018-Canada Cup 2,Qualification 1,0.0,CHICK Alexa - CAN
MILLETTE Ode - CAN - Canada Cup 2 - 2018 - Qualification 1,18.47,12,Women,15.8,15.1,16.0,16.0,16.2,5.8,5.3,Qualification,2018,2018-Canada Cup 2,Qualification 1,0.0,MILLETTE Ode - CAN
LABELLE Cassandre - CAN - Canada Cup 2 - 2018 - Qualification 1,18.060000000000002,13,Women,15.6,16.5,15.0,17.0,16.8,7.1,7.2,Qualification,2018,2018-Canada Cup 2,Qualification 1,0.0,LABELLE Cassandre - CAN
BOULIANNE Annarose - CAN - Canada Cup 2 - 2018 - Qualification 1,17.83,14,Women,14.0,13.9,12.5,15.1,13.8,6.4,6.5,Qualification,2018,2018-Canada Cup 2,Qualification 1,0.0,BOULIANNE Annarose - CAN
BRUNELLE Catherine - CAN - Canada Cup 2 - 2018 - Qualification 1,16.33,15,Women,15.6,16.0,16.2,17.6,15.4,6.8,6.8,Qualification,2018,2018-Canada Cup 2,Qualification 1,0.0,BRUNELLE Catherine - CAN
WOLFE Marie  Elizabeth - CAN - Canada Cup 2 - 2018 - Qualification 1,14.829999999999998,16,Women,12.8,13.6,13.6,13.4,12.4,5.2,5.5,Qualification,2018,2018-Canada Cup 2,Qualification 1,0.0,WOLFE Marie  Elizabeth - CAN
VIAU Emmanuelle - CAN - Canada Cup 2 - 2018 - Qualification 1,13.29,17,Women,13.8,13.2,12.0,12.9,13.4,5.8,6.1,Qualification,2018,2018-Canada Cup 2,Qualification 1,0.0,VIAU Emmanuelle - CAN
HURRY Kiera - CAN - Canada Cup 2 - 2018 - Qualification 1,1.9799999999999969,18,Women,12.5,12.5,11.0,12.6,11.0,7.4,7.3,Qualification,2018,2018-Canada Cup 2,Qualification 1,0.0,HURRY Kiera - CAN
GHERT Talya - CAN - Canada Cup 2 - 2018 - Qualification 1,-2.539999999999999,19,Women,10.0,10.5,11.8,11.3,10.2,6.8,6.0,Qualification,2018,2018-Canada Cup 2,Qualification 1,0.0,GHERT Talya - CAN
NEISH Jory - CAN - Canada Cup 2 - 2018 - Qualification 1,-5.57,20,Women,11.8,10.3,11.0,13.0,11.4,5.9,5.6,Qualification,2018,2018-Canada Cup 2,Qualification 1,0.0,NEISH Jory - CAN
IHARA Haruka - JPN - Canadian Selections 1 - 2018 - Qualification 2,66.8,1,Women,15.5,15.4,15.2,14.5,14.8,6.9,7.2,Qualification,2018,2018-Canadian Selections 1,Qualification 2,0.0,IHARA Haruka - JPN
GAGNON Sofiane - CAN - Canadian Selections 1 - 2018 - Qualification 2,65.85,2,Women,14.6,15.5,15.2,14.0,15.0,6.0,5.6,Qualification,2018,2018-Canadian Selections 1,Qualification 2,0.0,GAGNON Sofiane - CAN
GILBERT Valerie - CAN - Canadian Selections 1 - 2018 - Qualification 2,63.2,3,Women,14.4,14.5,15.7,14.8,15.0,7.3,7.7,Qualification,2018,2018-Canadian Selections 1,Qualification 2,0.0,GILBERT Valerie - CAN
SCHWINGHAMER Mackenzie - CAN - Canadian Selections 1 - 2018 - Qualification 2,63.04,4,Women,14.0,14.5,14.6,14.3,14.6,8.0,8.2,Qualification,2018,2018-Canadian Selections 1,Qualification 2,0.0,SCHWINGHAMER Mackenzie - CAN
BERGEVIN Mikela - CAN - Canadian Selections 1 - 2018 - Qualification 2,62.11,5,Women,14.0,14.1,14.3,14.2,14.1,7.0,7.1,Qualification,2018,2018-Canadian Selections 1,Qualification 2,0.0,BERGEVIN Mikela - CAN
KAJIWARA Yuki - JPN - Canadian Selections 1 - 2018 - Qualification 2,62.04,6,Women,13.6,14.7,14.6,14.0,13.8,7.3,7.1,Qualification,2018,2018-Canadian Selections 1,Qualification 2,0.0,KAJIWARA Yuki - JPN
SCHWINGHAMMER Maia - CAN - Canadian Selections 1 - 2018 - Qualification 2,61.7,7,Women,14.5,14.5,14.1,15.2,13.8,6.2,5.0,Qualification,2018,2018-Canadian Selections 1,Qualification 2,0.0,SCHWINGHAMMER Maia - CAN
DELSAME Florence - CAN - Canadian Selections 1 - 2018 - Qualification 2,60.34,8,Women,13.4,14.4,14.1,15.3,14.0,7.1,7.8,Qualification,2018,2018-Canadian Selections 1,Qualification 2,0.0,DELSAME Florence - CAN
NISHITA Reika - JPN - Canadian Selections 1 - 2018 - Qualification 2,60.17,9,Women,13.1,14.4,14.2,12.8,13.0,8.1,7.4,Qualification,2018,2018-Canadian Selections 1,Qualification 2,0.0,NISHITA Reika - JPN
LINTON Jessica - CAN - Canadian Selections 1 - 2018 - Qualification 2,59.25,10,Women,12.8,14.3,14.5,14.2,13.0,7.1,7.2,Qualification,2018,2018-Canadian Selections 1,Qualification 2,0.0,LINTON Jessica - CAN
TODD Kassidy - CAN - Canadian Selections 1 - 2018 - Qualification 2,58.26,11,Women,13.2,14.3,14.0,14.0,13.0,8.0,7.0,Qualification,2018,2018-Canadian Selections 1,Qualification 2,0.0,TODD Kassidy - CAN
FUKUSHIMA Shunka - JPN - Canadian Selections 1 - 2018 - Qualification 2,56.95,12,Women,13.7,14.3,14.4,14.8,13.5,6.2,6.3,Qualification,2018,2018-Canadian Selections 1,Qualification 2,0.0,FUKUSHIMA Shunka - JPN
DESMARAIS GILBERT Laurianne - CAN - Canadian Selections 1 - 2018 - Qualification 2,56.67,13,Women,14.2,14.1,14.3,12.1,13.8,5.9,6.6,Qualification,2018,2018-Canadian Selections 1,Qualification 2,0.0,DESMARAIS GILBERT Laurianne - CAN
VAILLANCOURT Sandrine - CAN - Canadian Selections 1 - 2018 - Qualification 2,52.94,14,Women,10.8,12.0,13.1,11.2,13.0,6.7,7.2,Qualification,2018,2018-Canadian Selections 1,Qualification 2,0.0,VAILLANCOURT Sandrine - CAN
NAKAO Haruka - JPN - Canadian Selections 1 - 2018 - Qualification 2,52.83,15,Women,13.1,13.5,13.4,13.2,13.0,6.0,5.9,Qualification,2018,2018-Canadian Selections 1,Qualification 2,0.0,NAKAO Haruka - JPN
MIKKELSEN Maya - CAN - Canadian Selections 1 - 2018 - Qualification 2,52.45,16,Women,13.4,13.1,12.8,14.6,13.0,6.3,6.1,Qualification,2018,2018-Canadian Selections 1,Qualification 2,0.0,MIKKELSEN Maya - CAN
BRUNELLE Catherine - CAN - Canadian Selections 1 - 2018 - Qualification 2,51.54,17,Women,13.1,13.5,13.7,12.6,13.8,6.3,6.0,Qualification,2018,2018-Canadian Selections 1,Qualification 2,0.0,BRUNELLE Catherine - CAN
KAWATA Yuka - JPN - Canadian Selections 1 - 2018 - Qualification 2,51.35,18,Women,13.0,13.3,13.8,11.2,11.0,6.2,6.7,Qualification,2018,2018-Canadian Selections 1,Qualification 2,0.0,KAWATA Yuka - JPN
DESAUTELS Mia - CAN - Canadian Selections 1 - 2018 - Qualification 2,49.51,19,Women,13.6,10.9,10.5,12.5,11.0,8.4,7.4,Qualification,2018,2018-Canadian Selections 1,Qualification 2,0.0,DESAUTELS Mia - CAN
KOBER Chloe - CAN - Canadian Selections 1 - 2018 - Qualification 2,47.97,20,Women,14.3,12.4,12.4,10.8,13.6,5.4,4.9,Qualification,2018,2018-Canadian Selections 1,Qualification 2,0.0,KOBER Chloe - CAN
VAILLANCOURT Sandrine - CAN - Canadian Selections 2 - 2019 - Qualification 2,65.97,1,Women,15.7,11.2,14.0,14.7,13.7,5.8,5.8,Qualification,2019,2019-Canadian Selections 2,Qualification 2,0.0,VAILLANCOURT Sandrine - CAN
TAKAHASHI Shiori - JPN - Canadian Selections 2 - 2019 - Qualification 2,62.75,2,Women,14.3,15.5,15.7,15.7,15.6,5.8,5.8,Qualification,2019,2019-Canadian Selections 2,Qualification 2,0.0,TAKAHASHI Shiori - JPN
KOEHLER Kaylee - CAN - Canadian Selections 2 - 2019 - Qualification 2,62.43,3,Women,15.7,15.4,14.7,14.8,17.9,4.8,5.2,Qualification,2019,2019-Canadian Selections 2,Qualification 2,0.0,KOEHLER Kaylee - CAN
MIKKELSEN Maya - CAN - Canadian Selections 2 - 2019 - Qualification 2,59.26,4,Women,15.3,14.2,14.3,15.0,17.1,5.6,5.4,Qualification,2019,2019-Canadian Selections 2,Qualification 2,0.0,MIKKELSEN Maya - CAN
BUTTERWORTH Cassidy - CAN - Canadian Selections 2 - 2019 - Qualification 2,49.64,5,Women,12.8,14.0,13.7,14.6,14.2,5.4,5.7,Qualification,2019,2019-Canadian Selections 2,Qualification 2,0.0,BUTTERWORTH Cassidy - CAN
LABELLE Cassandre - CAN - Canadian Selections 2 - 2019 - Qualification 2,49.1,6,Women,12.3,10.5,13.8,14.7,12.2,4.5,4.4,Qualification,2019,2019-Canadian Selections 2,Qualification 2,0.0,LABELLE Cassandre - CAN
LINTON Jessica - CAN - Canadian Selections 2 - 2019 - Qualification 2,44.38,7,Women,14.0,12.5,13.6,13.3,11.9,3.7,3.8,Qualification,2019,2019-Canadian Selections 2,Qualification 2,0.0,LINTON Jessica - CAN
TODD Kassidy - CAN - Canadian Selections 2 - 2019 - Qualification 2,25.51,8,Women,15.8,14.2,14.0,13.0,15.1,5.0,4.5,Qualification,2019,2019-Canadian Selections 2,Qualification 2,0.0,TODD Kassidy - CAN
CAPICIK Chase - CAN - Canadian Selections 2 - 2019 - Qualification 2,15.36,9,Women,13.9,16.2,12.8,12.3,12.1,4.0,3.9,Qualification,2019,2019-Canadian Selections 2,Qualification 2,0.0,CAPICIK Chase - CAN
MIYAMOTO Juri - JPN - Canadian Selections 2 - 2019 - Qualification 2,11.66,10,Women,15.9,13.5,14.1,11.9,12.2,4.9,5.2,Qualification,2019,2019-Canadian Selections 2,Qualification 2,0.0,MIYAMOTO Juri - JPN
OGIHARA Nagi - JPN - Canadian Selections 1 - 2019 - Final 1,74.43,1,Women,18.1,17.3,17.3,16.7,18.2,4.3,5.1,Finals,2019,2019-Canadian Selections 1,Final 1,0.0,OGIHARA Nagi - JPN
SCHWINGHAMMER Maia - CAN - Canadian Selections 1 - 2019 - Final 1,73.65,2,Women,17.6,17.2,16.6,16.6,16.0,6.8,7.0,Finals,2019,2019-Canadian Selections 1,Final 1,0.0,SCHWINGHAMMER Maia - CAN
ITO Miki - JPN - Canadian Selections 1 - 2019 - Final 1,72.37,3,Women,17.8,16.8,16.2,16.7,17.0,4.3,6.2,Finals,2019,2019-Canadian Selections 1,Final 1,0.0,ITO Miki - JPN
DELSAME Florence - CAN - Canadian Selections 1 - 2019 - Final 1,66.06,4,Women,17.4,15.6,16.0,17.0,16.8,5.3,5.8,Finals,2019,2019-Canadian Selections 1,Final 1,0.0,DELSAME Florence - CAN
YANAGIMOTO Rino - JPN - Canadian Selections 1 - 2019 - Final 1,64.65,5,Women,17.7,16.7,16.3,16.7,17.2,5.4,5.8,Finals,2019,2019-Canadian Selections 1,Final 1,0.0,YANAGIMOTO Rino - JPN
TODD Kassidy - CAN - Canadian Selections 1 - 2019 - Final 1,63.0,6,Women,16.1,16.2,14.8,15.3,14.9,5.5,5.7,Finals,2019,2019-Canadian Selections 1,Final 1,0.0,TODD Kassidy - CAN
BERGEVIN Mikela - CAN - Canadian Selections 1 - 2019 - Final 1,62.76,7,Women,14.9,15.4,15.8,15.3,16.6,4.3,4.0,Finals,2019,2019-Canadian Selections 1,Final 1,0.0,BERGEVIN Mikela - CAN
SCHWINGHAMER Mackenzie - CAN - Canadian Selections 1 - 2019 - Final 1,62.36,8,Women,15.2,14.7,15.2,15.9,16.8,5.0,4.5,Finals,2019,2019-Canadian Selections 1,Final 1,0.0,SCHWINGHAMER Mackenzie - CAN
DESMARAIS GILBERT Laurianne - CAN - Canadian Selections 1 - 2019 - Final 1,60.82,9,Women,17.3,15.6,16.0,16.3,16.7,6.0,6.0,Finals,2019,2019-Canadian Selections 1,Final 1,0.0,DESMARAIS GILBERT Laurianne - CAN
KOEHLER Kaylee - CAN - Canadian Selections 1 - 2019 - Final 1,59.14,10,Women,15.0,15.2,15.6,15.0,16.0,5.7,6.0,Finals,2019,2019-Canadian Selections 1,Final 1,0.0,KOEHLER Kaylee - CAN
TAKAHASHI Shiori - JPN - Canadian Selections 1 - 2019 - Final 1,56.03,11,Women,15.6,14.4,14.7,15.7,15.3,4.3,3.8,Finals,2019,2019-Canadian Selections 1,Final 1,0.0,TAKAHASHI Shiori - JPN
MIYAMOTO Juri - JPN - Canadian Selections 1 - 2019 - Final 1,49.94,12,Women,15.7,15.0,14.6,14.7,15.2,4.5,4.3,Finals,2019,2019-Canadian Selections 1,Final 1,0.0,MIYAMOTO Juri - JPN
LABELLE Cassandre - CAN - Canadian Selections 1 - 2019 - Qualification 1,48.66,13,Women,11.7,13.4,13.8,14.1,12.8,2.3,2.0,Qualification,2019,2019-Canadian Selections 1,Qualification 1,0.0,LABELLE Cassandre - CAN
BUTTERWORTH Cassidy - CAN - Canadian Selections 1 - 2019 - Qualification 1,43.67999999999999,14,Women,14.0,13.3,12.6,13.3,11.4,5.6,6.2,Qualification,2019,2019-Canadian Selections 1,Qualification 1,0.0,BUTTERWORTH Cassidy - CAN
LINTON Jessica - CAN - Canadian Selections 1 - 2019 - Qualification 1,20.939999999999994,15,Women,12.4,12.5,10.9,13.0,10.8,3.0,2.8,Qualification,2019,2019-Canadian Selections 1,Qualification 1,0.0,LINTON Jessica - CAN
MACDONALD Ainsley - CAN - Canadian Selections 1 - 2019 - Qualification 1,6.6299999999999955,16,Women,11.7,9.0,9.7,10.8,13.0,4.2,4.6,Qualification,2019,2019-Canadian Selections 1,Qualification 1,0.0,MACDONALD Ainsley - CAN
CAPICIK Chase - CAN - Canadian Selections 1 - 2019 - Qualification 1,-0.7100000000000044,17,Women,0.0,0.0,0.0,0.0,0.0,0.0,0.0,Qualification,2019,2019-Canadian Selections 1,Qualification 1,0.0,CAPICIK Chase - CAN
KOEHLER Kaylee - CAN - Canada Cup 2 - 2019 - Final 1,70.48,1,Women,16.3,15.8,17.3,16.2,16.0,7.1,7.2,Finals,2019,2019-Canada Cup 2,Final 1,0.0,KOEHLER Kaylee - CAN
LINTON Jessica - CAN - Canada Cup 2 - 2019 - Final 1,66.23,2,Women,14.8,14.9,16.6,14.4,15.0,7.0,7.1,Finals,2019,2019-Canada Cup 2,Final 1,0.0,LINTON Jessica - CAN
CAPICIK Chase - CAN - Canada Cup 2 - 2019 - Final 1,64.85,3,Women,15.4,15.6,15.7,15.8,15.7,7.2,7.3,Finals,2019,2019-Canada Cup 2,Final 1,0.0,CAPICIK Chase - CAN
WALKER Leda - CAN - Canada Cup 2 - 2019 - Final 1,59.47,4,Women,14.9,14.9,13.0,15.1,13.5,6.6,6.8,Finals,2019,2019-Canada Cup 2,Final 1,0.0,WALKER Leda - CAN
GODBOUT Rowanne - CAN - Canada Cup 2 - 2019 - Final 1,59.27,5,Women,14.5,14.2,15.9,13.8,14.9,6.5,6.4,Finals,2019,2019-Canada Cup 2,Final 1,0.0,GODBOUT Rowanne - CAN
PERNITSKY Lillian - CAN - Canada Cup 2 - 2019 - Final 1,57.18,6,Women,14.5,14.3,14.9,14.1,15.6,6.4,6.3,Finals,2019,2019-Canada Cup 2,Final 1,0.0,PERNITSKY Lillian - CAN
ENGLISH Karisa - CAN - Canada Cup 2 - 2019 - Final 1,54.85,7,Women,15.1,14.8,13.5,15.3,14.3,6.7,6.9,Finals,2019,2019-Canada Cup 2,Final 1,0.0,ENGLISH Karisa - CAN
GIBSON Olivia - CAN - Canada Cup 2 - 2019 - Final 1,42.33,8,Women,14.4,14.2,14.3,11.9,13.0,5.2,5.7,Finals,2019,2019-Canada Cup 2,Final 1,0.0,GIBSON Olivia - CAN
MALHERBE Malica - CAN - Canada Cup 2 - 2019 - Final 1,32.44,9,Women,13.0,12.6,13.0,12.9,12.7,5.5,5.7,Finals,2019,2019-Canada Cup 2,Final 1,0.0,MALHERBE Malica - CAN
CLEGG Sina - CAN - Canada Cup 2 - 2019 - Final 1,19.36,10,Women,13.6,12.4,14.7,11.9,13.5,1.7,1.8,Finals,2019,2019-Canada Cup 2,Final 1,0.0,CLEGG Sina - CAN
JEHN Kate - CAN - Canada Cup 2 - 2019 - Qualification 2,17.569999999999997,11,Women,11.0,10.5,11.2,10.4,11.0,1.7,2.0,Qualification,2019,2019-Canada Cup 2,Qualification 2,0.0,JEHN Kate - CAN
STODDART Clare - CAN - Canada Cup 2 - 2019 - Qualification 2,15.29,12,Women,13.4,13.9,13.3,12.6,13.1,6.8,6.7,Qualification,2019,2019-Canada Cup 2,Qualification 2,0.0,STODDART Clare - CAN
LEE Tarra - CAN - Canada Cup 2 - 2019 - Qualification 2,12.349999999999998,13,Women,11.2,12.5,11.6,13.1,12.7,5.7,5.8,Qualification,2019,2019-Canada Cup 2,Qualification 2,0.0,LEE Tarra - CAN
ELEKES Megan - CAN - Canada Cup 2 - 2019 - Qualification 2,7.739999999999998,14,Women,12.6,12.2,11.8,10.3,11.0,4.1,4.1,Qualification,2019,2019-Canada Cup 2,Qualification 2,0.0,ELEKES Megan - CAN
HAZIZA Raine - CAN - Canada Cup 2 - 2019 - Qualification 2,6.619999999999997,15,Women,14.2,12.6,13.7,14.2,13.0,6.9,6.8,Qualification,2019,2019-Canada Cup 2,Qualification 2,0.0,HAZIZA Raine - CAN
GHERT Talya - CAN - Canada Cup 2 - 2019 - Qualification 2,6.269999999999996,16,Women,13.3,13.0,12.9,14.0,14.0,3.8,3.9,Qualification,2019,2019-Canada Cup 2,Qualification 2,0.0,GHERT Talya - CAN
DAMBERGS Ella - CAN - Canada Cup 2 - 2019 - Qualification 2,5.629999999999999,17,Women,11.5,12.0,12.2,8.8,11.0,4.2,4.3,Qualification,2019,2019-Canada Cup 2,Qualification 2,0.0,DAMBERGS Ella - CAN
CONN Lynette - CAN - Canada Cup 2 - 2019 - Qualification 2,2.599999999999998,18,Women,11.1,11.0,10.3,13.2,11.9,6.7,6.8,Qualification,2019,2019-Canada Cup 2,Qualification 2,0.0,CONN Lynette - CAN
HURRY Kiera - CAN - Canada Cup 2 - 2019 - Qualification 2,0.36999999999999744,19,Women,12.9,11.5,10.9,11.8,12.1,1.8,1.9,Qualification,2019,2019-Canada Cup 2,Qualification 2,0.0,HURRY Kiera - CAN
PERNISIE Hailie - CAN - Canada Cup 2 - 2019 - Qualification 2,-1.4600000000000026,20,Women,10.8,10.0,11.6,11.4,12.0,4.8,4.9,Qualification,2019,2019-Canada Cup 2,Qualification 2,0.0,PERNISIE Hailie - CAN
SCHWINGHAMER Mackenzie - CAN - Canada Cup 1 - 2019 - Final 1,73.42,1,Women,16.0,16.3,16.0,16.3,16.0,7.8,8.0,Finals,2019,2019-Canada Cup 1,Final 1,0.0,SCHWINGHAMER Mackenzie - CAN
MIKKELSEN Maya - CAN - Canada Cup 1 - 2019 - Final 1,72.51,2,Women,15.6,15.9,15.8,15.4,15.8,7.7,7.8,Finals,2019,2019-Canada Cup 1,Final 1,0.0,MIKKELSEN Maya - CAN
KOEHLER Kaylee - CAN - Canada Cup 1 - 2019 - Final 1,71.99,3,Women,16.4,16.0,16.2,15.5,16.0,7.0,7.2,Finals,2019,2019-Canada Cup 1,Final 1,0.0,KOEHLER Kaylee - CAN
LINTON Jessica - CAN - Canada Cup 1 - 2019 - Final 1,62.89,4,Women,15.0,15.2,15.3,14.9,15.0,6.4,6.5,Finals,2019,2019-Canada Cup 1,Final 1,0.0,LINTON Jessica - CAN
WHITFORD Elisabeth - CAN - Canada Cup 1 - 2019 - Final 1,62.03,5,Women,15.1,15.7,15.0,15.2,15.3,7.5,7.2,Finals,2019,2019-Canada Cup 1,Final 1,0.0,WHITFORD Elisabeth - CAN
BUTTERWORTH Cassidy - CAN - Canada Cup 1 - 2019 - Final 1,59.06,6,Women,14.5,14.6,14.9,14.7,14.8,5.8,5.5,Finals,2019,2019-Canada Cup 1,Final 1,0.0,BUTTERWORTH Cassidy - CAN
GODBOUT Rowanne - CAN - Canada Cup 1 - 2019 - Final 1,57.97,7,Women,14.0,14.8,14.5,15.2,15.1,6.0,6.1,Finals,2019,2019-Canada Cup 1,Final 1,0.0,GODBOUT Rowanne - CAN
TODD Kassidy - CAN - Canada Cup 1 - 2019 - Final 1,56.3,8,Women,15.6,15.0,15.1,14.8,15.2,6.0,5.8,Finals,2019,2019-Canada Cup 1,Final 1,0.0,TODD Kassidy - CAN
GIBSON Olivia - CAN - Canada Cup 1 - 2019 - Final 1,46.1,9,Women,15.6,15.2,15.4,14.5,14.6,5.0,5.2,Finals,2019,2019-Canada Cup 1,Final 1,0.0,GIBSON Olivia - CAN
SAYERS Jana - CAN - Canada Cup 1 - 2019 - Qualification 2,45.71,10,Women,12.6,12.9,14.0,11.0,12.8,6.1,5.9,Qualification,2019,2019-Canada Cup 1,Qualification 2,0.0,SAYERS Jana - CAN
TURGEON Laurane - CAN - Canada Cup 1 - 2019 - Qualification 2,45.440000000000005,11,Women,12.0,12.2,14.0,12.2,13.7,6.5,6.4,Qualification,2019,2019-Canada Cup 1,Qualification 2,0.0,TURGEON Laurane - CAN
WOLFE Marie  Elizabeth - CAN - Canada Cup 1 - 2019 - Qualification 2,42.45,12,Women,12.8,13.8,12.9,13.1,12.4,5.3,5.4,Qualification,2019,2019-Canada Cup 1,Qualification 2,0.0,WOLFE Marie  Elizabeth - CAN
LE BRASSARD Noemie - CAN - Canada Cup 1 - 2019 - Qualification 2,41.080000000000005,13,Women,13.8,13.0,13.1,13.1,12.4,4.8,4.6,Qualification,2019,2019-Canada Cup 1,Qualification 2,0.0,LE BRASSARD Noemie - CAN
HURRY Kiera - CAN - Canada Cup 1 - 2019 - Qualification 2,39.480000000000004,14,Women,14.3,14.1,14.8,13.1,12.7,4.9,4.2,Qualification,2019,2019-Canada Cup 1,Qualification 2,0.0,HURRY Kiera - CAN
GHERT Talya - CAN - Canada Cup 1 - 2019 - Qualification 2,38.120000000000005,15,Women,12.0,13.1,13.6,13.4,13.2,4.4,4.9,Qualification,2019,2019-Canada Cup 1,Qualification 2,0.0,GHERT Talya - CAN
STODDART Clare - CAN - Canada Cup 1 - 2019 - Qualification 2,37.11000000000001,16,Women,12.3,12.0,12.9,12.3,12.6,5.7,5.2,Qualification,2019,2019-Canada Cup 1,Qualification 2,0.0,STODDART Clare - CAN
LAROCHE Florence - CAN - Canada Cup 1 - 2019 - Qualification 1,4.789999999999999,17,Women,11.5,12.8,11.3,12.1,13.0,2.1,1.9,Qualification,2019,2019-Canada Cup 1,Qualification 1,0.0,LAROCHE Florence - CAN
